Timeline,Start time,Duration,Row,Instance number,<flag>.,GameTime,Period,✅✅,Ungrouped,Notes,Flags
260124_WestHamUnited_Sunderland_ANALYST3ANGLES,0.0,23.199194368852687,"🔹[OSP] Kick-off(IB, turnover, quick regain)🚧",0,,,,,,,.
260124_WestHamUnited_Sunderland_ANALYST3ANGLES,0.0,23.820161168897656,"🔹[IP3a]Progression(3v2, RCB steps inside to find the 9, cross intercepted)✅⭐️",0,,00:00:44,1,,,,.
260124_WestHamUnited_Sunderland_ANALYST3ANGLES,0.0,16.695126760285348,"🔹[OSP] Throw-in(R, HZ, long, 1st contact lost, 2nd-ball shot from the edge)✅✅",0,,00:01:20,1,,✅✅,,.
260124_WestHamUnited_Sunderland_ANALYST3ANGLES,0.0,34.32862266927259,"🔹[OSP] Corner(R, back-post delivery inaccurate, 2nd ball)🚧",0,,00:02:05,1,,,,.
260124_WestHamUnited_Sunderland_ANALYST3ANGLES,0.0,20.455981640086975,"🔸[OP2]High Press(throw-in to the GK, MFM, clearance, 2nd ball)✅",0,,00:02:43,1,,,,.
260124_WestHamUnited_Sunderland_ANALYST3ANGLES,0.0,40.722102796906654,🔹[IP3a]Progression(3v2 build-up; inaccurate long across → need for simpler option)🚧,0,,00:02:54,1,,,,.
260124_WestHamUnited_Sunderland_ANALYST3ANGLES,0.0,10.360064610568458,"🔸[OP1a]GK Restart(OS, long, foul won)✅",0,,00:04:02,1,,,,.
260124_WestHamUnited_Sunderland_ANALYST3ANGLES,0.0,6.460043286667769,"🔹[OSP] Free kick(deep central, long, poor block)❌",0,,00:04:46,1,,,,.
260124_WestHamUnited_Sunderland_ANALYST3ANGLES,0.0,20.690087786810295,"🔸[OP1a]GK Restart(OS, long, 1st contact, 2nd ball lost, back in shape)🚧",0,,00:05:09,1,,,,.
260124_WestHamUnited_Sunderland_ANALYST3ANGLES,0.0,36.80270157678871,"🔸[OP3b]Mid Block(vs B3; R-side passive, IB allowed, clearance)🚧🔍",0,,00:05:23,1,,,,.
260124_WestHamUnited_Sunderland_ANALYST3ANGLES,0.0,15.160110205806063,"🔸[OP3b]Mid Block(R-side more active, cheap foul conceded)❌",0,,00:06:13,1,,,,.
260124_WestHamUnited_Sunderland_ANALYST3ANGLES,0.0,24.440139609616836,"🔸[DSP] Free kick(line disorganised, step-back; blocks & marking effective, 1st contact won)✅",0,,00:07:01,1,,,,.
260124_WestHamUnited_Sunderland_ANALYST3ANGLES,0.0,57.4303369715206,🔸[OP4]Low Block(slightly passive but spaces controlled; cross forced)✅,0,,00:07:10,1,,,,.
260124_WestHamUnited_Sunderland_ANALYST3ANGLES,0.0,21.60497177671641,"🔹[OSP] Throw-in(R, deep, good connexion, flip the pressure, 2nd ball, cheap turnover)❌",0,,00:08:53,1,,,,.
260124_WestHamUnited_Sunderland_ANALYST3ANGLES,0.0,21.189984168083924,"🔹[IP2]Low Build-up(quick restart, around, inaccurate cross)✅",0,,00:09:08,1,,,,.
260124_WestHamUnited_Sunderland_ANALYST3ANGLES,0.0,17.6800704109977,"🔹[IP5]Attack the Box(R-side, backpost cross, off target)❌",0,,00:09:13,1,,,,.
260124_WestHamUnited_Sunderland_ANALYST3ANGLES,0.0,26.25018592435879,"🔸[OP3b]Mid Block(v B3, L-side, low regain, quick turnover)✅",0,,00:09:31,1,,,,.
260124_WestHamUnited_Sunderland_ANALYST3ANGLES,0.0,16.824240538037543,🔸🔹Offensive transition(quick turnover under pressure)❌,0,,00:09:54,1,,,,.
260124_WestHamUnited_Sunderland_ANALYST3ANGLES,0.0,30.250191974660993,"🔸[OP3b]Mid Block(R side; LW feed on, RB passive, combo, low regain)🚧",0,,00:10:16,1,,,,.
260124_WestHamUnited_Sunderland_ANALYST3ANGLES,0.0,25.510153012761748,"🔸🔹Offensive transition(C.-attack, last duel lost)🚧",0,,00:10:34,1,,,,.
260124_WestHamUnited_Sunderland_ANALYST3ANGLES,0.0,45.93570033990545,"🔸[OP3b-2]Mid Block-High Press(jump triggered, but delays everywhere → exposed)❌🔍",0,,00:11:17,1,,,,.
260124_WestHamUnited_Sunderland_ANALYST3ANGLES,0.0,17.270097234232253,"🔸[OP3b]Mid Block(R-side exposed, IB run not controlled → cross)❌🔍",0,,00:12:09,1,,,,.
260124_WestHamUnited_Sunderland_ANALYST3ANGLES,0.0,31.36018806654829,"🔸[OP4]Low Block(LB beaten twice in 1v1, crosses conceded, 2nd box unit out of position)❌❌🏈",0,,00:12:36,1,,,,.
260124_WestHamUnited_Sunderland_ANALYST3ANGLES,0.0,12.409703925993313,"🔹[OSP] Kick-off(long, high throw-in won)✅",0,,00:13:51,1,,,,.
260124_WestHamUnited_Sunderland_ANALYST3ANGLES,0.0,10.190066446064407,"🔹[OSP] Throw-in(R, high, long, opportunity to score)✅✅",0,,00:14:27,1,,,,.
260124_WestHamUnited_Sunderland_ANALYST3ANGLES,0.0,20.240103009489644,"🔸[OP1a]GK Restart(OS, long, 1st contact, regain)✅",0,,00:14:58,1,,,,.
260124_WestHamUnited_Sunderland_ANALYST3ANGLES,0.0,14.390069488989184,"🔸🔹Offensive transition(C.-attack, cheap turnover)❌",0,,00:15:04,1,,,,.
260124_WestHamUnited_Sunderland_ANALYST3ANGLES,0.0,29.610183436500506,"🔸[OP3b]Mid Block(pass into 9, low intensity, L-Triangle exposed, deflected shot)❌❌",0,,00:15:30,1,,,,.
260124_WestHamUnited_Sunderland_ANALYST3ANGLES,0.0,36.33049004885834,"🔹[IP1a]GK Restart(OS, short, no pressure then 4v2)✅",0,,00:16:15,1,,,,.
260124_WestHamUnited_Sunderland_ANALYST3ANGLES,0.0,24.760154531662693,"🔹[IP4]Attacking Phase(L→R circulation, via the 9, inaccurate pass)🚧",0,,00:16:44,1,,,,.
260124_WestHamUnited_Sunderland_ANALYST3ANGLES,0.0,17.65009905079546,"🔸[OP1b]GK Restart(OS, long, 1st contact, 2nd ball lost)🚧",0,,00:17:05,1,,,,.
260124_WestHamUnited_Sunderland_ANALYST3ANGLES,0.0,17.760099669194688,"🔸[OP2]High Press(OS, long, 1st contact, 2nd ball)✅",0,,00:17:24,1,,,,.
260124_WestHamUnited_Sunderland_ANALYST3ANGLES,0.0,27.870171900050764,"🔹[IP4]Attacking Phase(Progression through the 10s, LW isolated, no support)🚧🔍",0,,00:17:51,1,,,,.
260124_WestHamUnited_Sunderland_ANALYST3ANGLES,0.0,30.41015604948643,"🔹[IP3a]Progression(B3 circulation, RB outside → 10 IB, throw-in)🚧",0,,00:18:00,1,,,,.
260124_WestHamUnited_Sunderland_ANALYST3ANGLES,0.0,13.020074367497955,"🔹[OSP] Throw-in(R, high, long, blockers??)❌",0,,00:18:59,1,,,,.
260124_WestHamUnited_Sunderland_ANALYST3ANGLES,0.0,21.600126488960996,"🔸[OP1b]GK Restart(OS, long, 1st contact, composure with the GK)✅",0,,00:19:05,1,,,,.
260124_WestHamUnited_Sunderland_ANALYST3ANGLES,0.0,24.620170380221907,"🔹[IP3b]Progression(CB steps in, through the 9, execution off, foul won)🚧",0,,00:19:28,1,,,,.
260124_WestHamUnited_Sunderland_ANALYST3ANGLES,0.0,15.970095696190583,"🔹[OSP] Free kick(central, change the angle, blocker??)✅✅",0,,00:20:22,1,,✅✅,,.
260124_WestHamUnited_Sunderland_ANALYST3ANGLES,0.0,14.680088698363534,"🔸[OP1a]GK Restart(OS, long, regain)✅",0,,00:21:05,1,,,,.
260124_WestHamUnited_Sunderland_ANALYST3ANGLES,0.0,46.69797850808391,"🔹[IP3b]Progression(lack of composure, 3 turnovers in 10 sec)❌⚠️",0,,00:21:07,1,,,,.
260124_WestHamUnited_Sunderland_ANALYST3ANGLES,0.0,15.900096004106445,"🔸[OP2]High Press(good press, regain)✅",0,,00:22:20,1,,,,.
260124_WestHamUnited_Sunderland_ANALYST3ANGLES,0.0,19.880129836064725,"🔹[IP2]Low Build-up(OS, long under pressure into the 9)✅⭐️",0,,00:22:29,1,,,,.
260124_WestHamUnited_Sunderland_ANALYST3ANGLES,0.0,14.330085640931202,"🔹[OSP] Free kick(L, wide, taker? blocks?)🚧",0,,00:23:23,1,,,,.
260124_WestHamUnited_Sunderland_ANALYST3ANGLES,0.0,27.506566599127837,"🔹[OSP] Throw-in(R, high, quick, cross)✅",0,,00:23:47,1,,,,.
260124_WestHamUnited_Sunderland_ANALYST3ANGLES,0.0,34.66471923644758,"🔸[OP3b]Mid Block(L-side, effective press → regain)✅⭐️",0,,00:24:31,1,,,,.
260124_WestHamUnited_Sunderland_ANALYST3ANGLES,0.0,23.59541782519318,"🔸🔹Offensive transition(C.-attack, cheap turnover)❌",0,,00:24:41,1,,,,.
260124_WestHamUnited_Sunderland_ANALYST3ANGLES,0.0,43.75019661117312,"🔸[OP4]Low Block(Straight after turnover, L→R triangle shift, poor foul → penalty)❌⚠️",0,,00:25:04,1,,,,.
260124_WestHamUnited_Sunderland_ANALYST3ANGLES,0.0,9.917116359846204,🔸[DSP] Penalty❌❌🏈,0,,00:26:06,1,,,,.
260124_WestHamUnited_Sunderland_ANALYST3ANGLES,0.0,20.426971080145222,"🔹[OSP] Kick-off(2nd ball, foul)❌",0,,00:26:56,1,,,,.
260124_WestHamUnited_Sunderland_ANALYST3ANGLES,0.0,11.360060042517034,"🔸[DSP] Free kick(R, deep, blocks? positions?)❌",0,,00:28:07,1,,,,.
260124_WestHamUnited_Sunderland_ANALYST3ANGLES,0.0,33.49418380478164,"🔹[IP1b]GK Restart(OS, around, cheap turnover, C.-attack)❌",0,,00:28:07,1,,,,.
260124_WestHamUnited_Sunderland_ANALYST3ANGLES,0.0,17.640106063528947,🔹🔸Defensive transition(C.-attack)✅,0,,00:28:19,1,,,,.
260124_WestHamUnited_Sunderland_ANALYST3ANGLES,0.0,40.14204667840386,"🔸[DSP] Corner(R, blocks & aggressiveness conceded)✅🔍",0,,00:29:08,1,,,,.
260124_WestHamUnited_Sunderland_ANALYST3ANGLES,0.0,5.180030772392229,"🔹[OSP] Throw-in(L, deep, not clean)❌",0,,00:30:03,1,,,,.
260124_WestHamUnited_Sunderland_ANALYST3ANGLES,0.0,11.980074974685976,"🔹[OSP] Throw-in(L, deep, flip the pressure setup?)❌",0,,00:30:16,1,,,,.
260124_WestHamUnited_Sunderland_ANALYST3ANGLES,0.0,12.653805164978394,"🔸[DSP] Throw-in(L, mid, 442, compactness?)✅",0,,00:30:36,1,,,,.
260124_WestHamUnited_Sunderland_ANALYST3ANGLES,0.0,46.650266691416846,"🔹[IP4]Attacking Phase(LCB steps in, 8 IB, switch, RB → 10, turnover)✅",0,,00:31:15,1,,,,.
260124_WestHamUnited_Sunderland_ANALYST3ANGLES,0.0,16.420098758517724,"🔹🔸Defensive transition(C.-press, long, quick regain)✅",0,,00:31:42,1,,,,.
260124_WestHamUnited_Sunderland_ANALYST3ANGLES,0.0,14.750091436340199,"🔹[IP3b]Progression(into the 9, quick turnover)❌",0,,00:31:42,1,,,,.
260124_WestHamUnited_Sunderland_ANALYST3ANGLES,0.0,26.920173388668445,"🔸[OP4]Low Block(compact & proactive, LB isolated, duel lost)❌⚠️",0,,00:31:58,1,,,,.
260124_WestHamUnited_Sunderland_ANALYST3ANGLES,0.0,16.30011278660595,🔸[DSP] Free kick(L)✅,0,,00:33:19,1,,,,.
260124_WestHamUnited_Sunderland_ANALYST3ANGLES,0.0,16.51283527072519,"🔸[DSP] Throw-in(L, high, quick)✅",0,,00:33:51,1,,,,.
260124_WestHamUnited_Sunderland_ANALYST3ANGLES,0.0,37.20626040303614,"🔹[OSP] Throw-in(L, deep, CP pattern?)❌⚠️",0,,00:34:17,1,,,,.
260124_WestHamUnited_Sunderland_ANALYST3ANGLES,0.0,26.01368270274088,"🔸🔹Offensive transition(progression under pressure, cheap turnover)🚧",0,,00:34:35,1,,,,.
260124_WestHamUnited_Sunderland_ANALYST3ANGLES,0.0,25.480145078398436,"🔸[OP2]High Press(OS, long, 1st contact won, 2nd ball lost)❌",0,,00:35:11,1,,,,.
260124_WestHamUnited_Sunderland_ANALYST3ANGLES,0.0,37.09026610839692,"🔸[OP4]Low Block(R-side triangle, compactness, regain)✅",0,,00:35:33,1,,,,.
260124_WestHamUnited_Sunderland_ANALYST3ANGLES,0.0,12.870085051020396,"🔸🔹Offensive transition(counter-attack, escape pressure, cheap turnover)❌",0,,00:35:59,1,,,,.
260124_WestHamUnited_Sunderland_ANALYST3ANGLES,0.0,28.185760081454646,"🔸[OP2]High Press(proactivity, long, quick regain)✅",0,,00:36:28,1,,,,.
260124_WestHamUnited_Sunderland_ANALYST3ANGLES,0.0,25.630151186634066,"🔹[IP3b]Progression(L–R triangles, opportunities in both?)🚧",0,,00:36:41,1,,,,.
260124_WestHamUnited_Sunderland_ANALYST3ANGLES,0.0,13.958363651006948,"🔹[OSP] Throw-in(R, MZ, good connexion)✅⭐️",0,,00:37:29,1,,,,.
260124_WestHamUnited_Sunderland_ANALYST3ANGLES,0.0,23.2701414348694,"🔸[OP1a]GK Restart(HBlock, 1st contact, 2nd ball)✅⭐️",0,,00:37:57,1,,,,.
260124_WestHamUnited_Sunderland_ANALYST3ANGLES,0.0,20.220106381235382,"🔸🔹Offensive transition(counter-A, first pass ok, sloppy after)❌",0,,00:38:17,1,,,,.
260124_WestHamUnited_Sunderland_ANALYST3ANGLES,0.0,18.080085649540706,"🔸[OP2]High Press(OS, long, 1st contact won, ball out)✅",0,,00:39:23,1,,,,.
260124_WestHamUnited_Sunderland_ANALYST3ANGLES,0.0,35.290224965391644,"🔸[OP3b]Mid Block(IB access, R-side delays, long-range shot, attitudes?)❌❌🏈",0,,00:39:45,1,,,,.
260124_WestHamUnited_Sunderland_ANALYST3ANGLES,0.0,28.010151503715406,🔹[IP3a]Progression(Poor efficiency on R-Triangle)🚧,0,,00:41:03,1,,,,.
260124_WestHamUnited_Sunderland_ANALYST3ANGLES,0.0,25.48014508561073,🔹[IP3b]Progression(LCB IB with the 9)✅,0,,00:41:42,1,,,,.
260124_WestHamUnited_Sunderland_ANALYST3ANGLES,0.0,10.310078320578668,"🔹[OSP] Corner(L, setup ok, poor delivery)❌",0,,00:42:35,1,,,,.
260124_WestHamUnited_Sunderland_ANALYST3ANGLES,0.0,16.730099370030985,"🔸[OP1a]GK Restart(HBlock, 1st contact won, composure)✅",0,,00:43:28,1,,,,.
260124_WestHamUnited_Sunderland_ANALYST3ANGLES,0.0,18.590078626988998,"🔹[OSP] Throw-in(L, MZ, rushed, turnover + foul)❌",0,,00:43:46,1,,,,.
260124_WestHamUnited_Sunderland_ANALYST3ANGLES,0.0,9.730070412668283,"🔸[DSP] Free kick(L, 1st contact, poor setup)✅⚠️",0,,00:44:38,1,,,,.
260124_WestHamUnited_Sunderland_ANALYST3ANGLES,0.0,20.600120408209023,🔸[DSP] Kick-off🚧,0,,,,,,,.
260124_WestHamUnited_Sunderland_ANALYST3ANGLES,0.0,9.400050286437818,"🔹[IP3b]Progression(RCB feeds RW, ball out)🚧",0,,00:00:38,2,,,,.
260124_WestHamUnited_Sunderland_ANALYST3ANGLES,0.0,22.490162461878754,"🔹[IP3b]Progression(R-side progression, cross)🚧",0,,,,,,,.
260124_WestHamUnited_Sunderland_ANALYST3ANGLES,0.0,13.260082902081194,"🔸[OP2]High Press(OS, long, quick regain)✅",0,,00:01:12,2,,,,.
260124_WestHamUnited_Sunderland_ANALYST3ANGLES,0.0,19.320109423212216,"🔹[IP3b]Progression(CB IB, controlled, ball out)🚧",0,,00:01:19,2,,,,.
260124_WestHamUnited_Sunderland_ANALYST3ANGLES,0.0,28.050150887684595,"🔹[IP4]Attacking Phase(R-triangle, lack of quality)❌",0,,00:01:47,2,,,,.
260124_WestHamUnited_Sunderland_ANALYST3ANGLES,0.0,17.620103333742463,"🔸[OP2]High Press(OS, long, regain)✅",0,,00:42:26,2,,,,.
260124_WestHamUnited_Sunderland_ANALYST3ANGLES,0.0,14.40009144156511,"🔹[IP3b]Progression(R-triangle, lack of quality)❌",0,,00:42:43,2,,,,.
260124_WestHamUnited_Sunderland_ANALYST3ANGLES,0.0,26.670149046991355,"🔹🔸Defensive transition(C.-Press, foul)🚧",0,,00:42:46,2,,,,.
260124_WestHamUnited_Sunderland_ANALYST3ANGLES,0.0,34.298189567547524,🔸[OP1a]GK RestartHBlock)✅,0,,00:41:26,2,,,,.
260124_WestHamUnited_Sunderland_ANALYST3ANGLES,0.0,19.720117064614897,"🔸[OP2]High Press(OS, long, 1st contact)✅",0,,00:41:58,2,,,,.
260124_WestHamUnited_Sunderland_ANALYST3ANGLES,0.0,16.7401060790844,"🔹[IP3b]Progression(LCB IB to the 9, rushed)❌",0,,00:42:12,2,,,,.
260124_WestHamUnited_Sunderland_ANALYST3ANGLES,0.0,49.998799120949116,"🔸[OP3b]Mid Block(switch, LSide passive, deep regain)🚧",0,,00:42:39,2,,,,.
260124_WestHamUnited_Sunderland_ANALYST3ANGLES,0.0,12.520101819734919,🔸🔹Offensive transition(C.-Attack)✅,0,,00:43:06,2,,,,.
260124_WestHamUnited_Sunderland_ANALYST3ANGLES,0.0,22.10015090136767,"🔹[IP3b]Progression(B3, LCB IB to LW)🚧",0,,00:43:54,2,,,,.
260124_WestHamUnited_Sunderland_ANALYST3ANGLES,0.0,22.060114911730125,"🔸[OP1a]GK Restart(HBlock, 2nd phase)✅",0,,00:44:37,2,,,,.
260124_WestHamUnited_Sunderland_ANALYST3ANGLES,0.0,18.73255212523418,🔹[IP3b]Progression(RCB under pressure)🚧,0,,00:44:57,2,,,,.
260124_WestHamUnited_Sunderland_ANALYST3ANGLES,0.0,14.380108496590765,"🔹[OSP] Throw-in(R, mid zone, into the 9)✅",0,,,,,,,.
260124_WestHamUnited_Sunderland_ANALYST3ANGLES,0.0,18.02011553146258,"🔸[OP3b]Mid Block( L-triangle, good activity)✅",0,,00:45:52,2,,,,.
260124_WestHamUnited_Sunderland_ANALYST3ANGLES,0.0,24.970142959225086,"🔹[IP4]Attacking Phase(L-Rtriangles, ball out)🚧",0,,00:46:13,2,,,,.
260124_WestHamUnited_Sunderland_ANALYST3ANGLES,0.0,31.940215809561778,"🔹[OSP] Throw-in(R, high zone, long, inaccurate)❌",0,,00:46:50,2,,,,.
260124_WestHamUnited_Sunderland_ANALYST3ANGLES,0.0,20.87645336933656,"🔹[IP4]Attacking Phase(into the 9, poor switch)❌",0,,00:47:07,2,,,,.
260124_WestHamUnited_Sunderland_ANALYST3ANGLES,0.0,16.860081383402758,"🔹🔸Defensive transition(C.-attack, regain)✅",0,,00:47:19,2,,,,.
260124_WestHamUnited_Sunderland_ANALYST3ANGLES,0.0,11.040071016530419,"🔹[OSP] Throw-in(L, DZ, turnover)❌",0,,00:48:01,2,,,,.
260124_WestHamUnited_Sunderland_ANALYST3ANGLES,0.0,21.840131990245936,"🔸[OP3b]Mid Block(into the 9, 2nd ball)🚧",0,,00:48:03,2,,,,.
260124_WestHamUnited_Sunderland_ANALYST3ANGLES,0.0,24.20014785402418,"🔹[IP1a]GK Restart(High block, second ball, deflected mid-range shot)✅",0,,00:49:02,2,,,,.
260124_WestHamUnited_Sunderland_ANALYST3ANGLES,0.0,24.06014997804141,"🔹[OSP] Corner(R, blocks? Delivery)❌",0,,00:49:40,2,,,,.
260124_WestHamUnited_Sunderland_ANALYST3ANGLES,0.0,17.950111261709026,"🔸[OP4]Low Block(RB doesn't play the duel, cross)❌⚠️",0,,00:50:32,2,,,,.
260124_WestHamUnited_Sunderland_ANALYST3ANGLES,0.0,14.110081396580426,"🔸[DSP] Corner(R, 1st contact)✅",0,,00:51:11,2,,,,.
260124_WestHamUnited_Sunderland_ANALYST3ANGLES,0.0,37.96293584554951,"🔹[IP1a]GK Restart(OS, 6 pins, RCB steps in, inside ball to 9)✅⭐️",0,,00:51:32,2,,,,.
260124_WestHamUnited_Sunderland_ANALYST3ANGLES,0.0,22.5,"🔹🔸Defensive transition(long, ball out)🚧",0,,00:51:54,2,,,,.
260124_WestHamUnited_Sunderland_ANALYST3ANGLES,0.0,12.140081698274116,"🔸[DSP] Throw-in(R, mid zone, position 442?)✅",0,,00:52:31,2,,,,.
260124_WestHamUnited_Sunderland_ANALYST3ANGLES,0.0,24.00011429652932,"🔸🔹Offensive transition(C.-Attack, turnover)❌",0,,00:52:30,2,,,,.
260124_WestHamUnited_Sunderland_ANALYST3ANGLES,0.0,16.18009176258147,"🔹[IP3b]Progression(L-Triangle, cheap turnover)❌",0,,00:53:00,2,,,,.
260124_WestHamUnited_Sunderland_ANALYST3ANGLES,0.0,34.810203301389265,"🔸[OP4]Low Block(LTriangle, switch)✅",0,,00:53:24,2,,,,.
260124_WestHamUnited_Sunderland_ANALYST3ANGLES,0.0,34.96027648127529,🔸[OP3b]Mid Block(compact & proactive)✅⭐️,0,,00:54:03,2,,,,.
260124_WestHamUnited_Sunderland_ANALYST3ANGLES,0.0,40.05825648935934,"🔸[OP2]High Press(long ball, 1st contact won, sloppy 2nd ball, shot conceded)❌",0,,00:54:41,2,,,,.
260124_WestHamUnited_Sunderland_ANALYST3ANGLES,0.0,19.90012499167733,"🔹[IP1b]GK Restart(through, to the LW)✅",0,,00:55:20,2,,,,.
260124_WestHamUnited_Sunderland_ANALYST3ANGLES,0.0,13.940098454138933,"🔹[IP3b]Progression(RCB into the RW, turnover)❌",0,,00:55:39,2,,,,.
260124_WestHamUnited_Sunderland_ANALYST3ANGLES,0.0,10.66007376878133,"🔹🔸Defensive transition(C.-press, quick regain)✅⭐️",0,,00:55:49,2,,,,.
260124_WestHamUnited_Sunderland_ANALYST3ANGLES,0.0,15.860124066156459,"🔹[IP3a]Progression(LCB → IB to 9, offside)🚧",0,,00:56:03,2,,,,.
260124_WestHamUnited_Sunderland_ANALYST3ANGLES,0.0,48.2903121970694,"🔹[IP3b]Progression(RTriangle, cross)✅✅⚽️",0,,00:25:44,2,,,,.
260124_WestHamUnited_Sunderland_ANALYST3ANGLES,0.0,12.970060653976361,🔸[DSP] Kick-off🚧,0,,00:24:52,2,,,,.
260124_WestHamUnited_Sunderland_ANALYST3ANGLES,0.0,17.550085326201042,"🔹[IP3a]Progression(R-triangle, space too tight)❌",0,,00:25:17,2,,,,.
260124_WestHamUnited_Sunderland_ANALYST3ANGLES,0.0,32.74016704375026,"🔹[IP4]Attacking Phase(R-Triangle, switch, LCB IB to the 9)🚧",0,,00:26:09,2,,,,.
260124_WestHamUnited_Sunderland_ANALYST3ANGLES,0.0,13.330058216040925,"🔸[OP1b]GK Restart(OS, long, block, regain)✅",0,,00:26:28,2,,,,.
260124_WestHamUnited_Sunderland_ANALYST3ANGLES,0.0,25.360172820922344,"🔹[IP4]Attacking Phase(inside pin, feed LW, turnover)❌",0,,00:26:34,2,,,,.
260124_WestHamUnited_Sunderland_ANALYST3ANGLES,0.0,19.78012991970718,"🔹🔸Defensive transition(C.-press, quick regain)✅",0,,00:26:34,2,,,,.
260124_WestHamUnited_Sunderland_ANALYST3ANGLES,25.49016236433234,15.870010456589622,"🔹[IP4]Attacking Phase(RSide, ball out)🚧",0,,00:26:34,2,,,,
260124_WestHamUnited_Sunderland_ANALYST3ANGLES,0.0,18.140106073527022,"🔹[OSP] Throw-in(R, high, long, 1st contact, setup?)🚧",0,,00:27:42,2,,,,.
260124_WestHamUnited_Sunderland_ANALYST3ANGLES,0.0,12.051971532324387,"🔸[DSP] Throw-in(R, deep, quick regain)✅",0,,00:21:22,2,,,,.
260124_WestHamUnited_Sunderland_ANALYST3ANGLES,0.0,9.950070119383781,"🔹[OSP] Free kick(R, deep, 1st contact, setup?)🚧",0,,00:20:49,2,,,,.
260124_WestHamUnited_Sunderland_ANALYST3ANGLES,0.0,15.690087783822491,"🔸[OP1b]GK Restart(quick restart, IB, on the edge)✅⚠️",0,,00:20:56,2,,,,.
260124_WestHamUnited_Sunderland_ANALYST3ANGLES,0.0,22.91013016197394,🔹[IP3b]Progression(R-triangle)✅⭐️,0,,00:21:27,2,,,,.
260124_WestHamUnited_Sunderland_ANALYST3ANGLES,0.0,20.080122234987357,🔹[IP4]Attacking Phase(LCB into the 9)❌,0,,00:21:48,2,,,,.
260124_WestHamUnited_Sunderland_ANALYST3ANGLES,0.0,23.520132295968324,"🔸🔹Offensive transition(IB, turnover)❌",0,,00:18:48,2,,,,.
260124_WestHamUnited_Sunderland_ANALYST3ANGLES,0.0,14.382361389060861,"🔹[IP4]Attacking Phase(RCB steps in, pass IB deflected)🚧",0,,00:17:26,2,,,,.
260124_WestHamUnited_Sunderland_ANALYST3ANGLES,0.0,22.3467143986245,"🔹[OSP] Throw-in(R, high, long, setup?)🚧",0,,00:17:59,2,,,,.
260124_WestHamUnited_Sunderland_ANALYST3ANGLES,0.0,23.74015180011793,"🔸[OP1b]GK Restart(OS, short around, ball out)✅",0,,00:18:20,2,,,,.
260124_WestHamUnited_Sunderland_ANALYST3ANGLES,0.0,12.720065217825322,"🔸[DSP] Throw-in(R, mid zone, block position?)🚧",0,,00:18:54,2,,,,.
260124_WestHamUnited_Sunderland_ANALYST3ANGLES,0.0,49.769339371386195,"🔹[IP4]Attacking Phase(L→R switch, cross)✅",0,,00:19:18,2,,,,.
260124_WestHamUnited_Sunderland_ANALYST3ANGLES,0.0,10.31005394699514,"🔹🔸Defensive transition(clearance, quick regain)✅",0,,00:20:07,2,,,,.
260124_WestHamUnited_Sunderland_ANALYST3ANGLES,0.0,35.49019141196732,"🔹[IP4]Attacking Phase(R→L switch, LW lost duel)🚧",0,,00:20:01,2,,,,.
260124_WestHamUnited_Sunderland_ANALYST3ANGLES,0.0,16.260079842832056,🔹🔸Defensive transition(quick regain)✅,0,,00:20:01,2,,,,.
260124_WestHamUnited_Sunderland_ANALYST3ANGLES,0.0,16.460085952558074,🔹[IP4]Attacking Phase(RB cross blocked)❌,0,,00:20:51,2,,,,.
260124_WestHamUnited_Sunderland_ANALYST3ANGLES,0.0,10.170056076828587,"🔸[DSP] Throw-in(L, mid zone)✅",0,,00:21:34,2,,,,.
260124_WestHamUnited_Sunderland_ANALYST3ANGLES,0.0,30.337827632261906,"🔸[DSP] Throw-in(L, mid zone, 2nd ball game)❌",0,,00:22:01,2,,,,.
260124_WestHamUnited_Sunderland_ANALYST3ANGLES,0.0,15.880073462994005,"🔸[DSP] Free kick(R, 1st contact, 2nd ball)🚧",0,,00:11:40,2,,,,.
260124_WestHamUnited_Sunderland_ANALYST3ANGLES,0.0,43.86925561982207,"🔹[IP1a]GK Restart(OS, short, patience)✅⭐️",0,,00:12:05,2,,,,.
260124_WestHamUnited_Sunderland_ANALYST3ANGLES,0.0,27.247748733288063,"🔹[IP4]Attacking Phase(inside pin, L-triangle, back-post cross)✅",0,,00:12:45,2,,,,.
260124_WestHamUnited_Sunderland_ANALYST3ANGLES,0.0,18.860089009748663,"🔸[OP1a]GK Restart(HBlock, 2nd ball, foul)❌",0,,00:13:53,2,,,,.
260124_WestHamUnited_Sunderland_ANALYST3ANGLES,0.0,20.91012711239,"🔸[DSP] Free kick(deep, central, 2 phases)🚧",0,,00:08:48,2,,,,.
260124_WestHamUnited_Sunderland_ANALYST3ANGLES,0.0,34.94014415896254,"🔹[IP4]Attacking Phase(2 phases, RSide cross)✅✅",0,,00:09:20,2,,,,.
260124_WestHamUnited_Sunderland_ANALYST3ANGLES,0.0,17.670100282279236,"🔸[OP1b]GK Restart(OS, long, foul)❌",0,,00:09:59,2,,,,.
260124_WestHamUnited_Sunderland_ANALYST3ANGLES,0.0,8.559945294957288,🔸[DSP] Free kick(R)✅,0,,00:07:05,2,,,,.
260124_WestHamUnited_Sunderland_ANALYST3ANGLES,0.0,14.980082602558468,"🔹[IP1b]GK Restart(long, throw-in won)✅",0,,00:07:08,2,,,,.
260124_WestHamUnited_Sunderland_ANALYST3ANGLES,0.0,44.51019719564101,🔹[IP4]Attacking Phase(R-triangle)❌,0,,00:07:28,2,,,,.
260124_WestHamUnited_Sunderland_ANALYST3ANGLES,0.0,20.120124675581792,"🔸[OP1a]GK Restart(HBlock, 1st contact, 2nd ball)🚧",0,,00:04:54,2,,,,.
260124_WestHamUnited_Sunderland_ANALYST3ANGLES,0.0,31.05013564274668,"🔸[OP2]High Press(proactive, ball out)🚧",0,,00:05:29,2,,,,.
260124_WestHamUnited_Sunderland_ANALYST3ANGLES,0.0,16.09999535616953,"🔸[DSP] Throw-in(L, mid zone)✅",0,,00:05:57,2,,,,.
260124_WestHamUnited_Sunderland_ANALYST3ANGLES,0.0,23.340110651211944,"🔸[OP2]High Press(long, 2nd ball)❌",0,,00:06:05,2,,,,.
260124_WestHamUnited_Sunderland_ANALYST3ANGLES,0.0,23.384684268850833,"🔸[DSP] Corner(L, 2nd phase)❌❌",0,,00:03:06,2,,,,.
260124_WestHamUnited_Sunderland_ANALYST3ANGLES,0.0,20.450097514283698,🔹[IP1a]GK Restart(HBlock)❌,0,,00:01:55,2,,,,.
260124_WestHamUnited_Sunderland_ANALYST3ANGLES,0.0,23.02010484567745,🔹[IP4]Attacking Phase(LTriangle)❌,0,,00:02:22,2,,,,.